candidate,region,region_eng,percent_votes,rating,num_voters_per_region
Балашов Геннадій Вікторович,м.Київ,Kyiv,0.4,10,1462690
Балашов Геннадій Вікторович,Київська,Kyivska,0.26,13,983279
Балашов Геннадій Вікторович,Харківська,Kharkivska,0.18,11,1324847
Балашов Геннадій Вікторович,Дніпропетровська,Dnipropetrovska,0.17,11,1647398
Балашов Геннадій Вікторович,Черкаська,Cherkaska,0.17,15,615327
Балашов Геннадій Вікторович,Закарпатська,Zakarpatska,0.16,17,443329
Балашов Геннадій Вікторович,Рівненська,Rivnenska,0.16,18,552041
Балашов Геннадій Вікторович,Одеська,Odeska,0.16,12,1026868
Балашов Геннадій Вікторович,Полтавська,Poltavska,0.16,15,735908
Балашов Геннадій Вікторович,Чернівецька,Chernivetska,0.15,16,385533
Балашов Геннадій Вікторович,Хмельницька,Khmelnytska,0.14,15,650602
Балашов Геннадій Вікторович,Житомирська,Zhytomyrska,0.14,17,618835
Балашов Геннадій Вікторович,Волинська,Volynska,0.14,17,520163
Балашов Геннадій Вікторович,Запорізька,Zaporizka,0.14,12,872526
Балашов Геннадій Вікторович,Чернігівська,Chernihivska,0.13,15,530039
Балашов Геннадій Вікторович,Миколаївська,Mykolaivska,0.13,15,525684
Балашов Геннадій Вікторович,Вінницька,Vinnytska,0.13,18,799770
Балашов Геннадій Вікторович,Львівська,Lvivska,0.12,17,1324932
Балашов Геннадій Вікторович,Кіровоградська,Kirovohradska,0.12,15,453544
Балашов Геннадій Вікторович,Херсонська,Khersonska,0.12,15,469391
Балашов Геннадій Вікторович,Тернопільська,Ternopilska,0.12,16,536680
Балашов Геннадій Вікторович,Сумська,Sumska,0.11,17,557247
Балашов Геннадій Вікторович,Луганська,Luhanska,0.1,16,302797
Балашов Геннадій Вікторович,Івано-Франківська,Ivano-Frankivska,0.1,19,650861
Балашов Геннадій Вікторович,Донецька,Donetska,0.09,15,848542
Безсмертний Роман Петрович,м.Київ,Kyiv,0.28,14,1462690
Безсмертний Роман Петрович,Волинська,Volynska,0.22,14,520163
Безсмертний Роман Петрович,Львівська,Lvivska,0.19,13,1324932
Безсмертний Роман Петрович,Київська,Kyivska,0.18,15,983279
Безсмертний Роман Петрович,Закарпатська,Zakarpatska,0.16,18,443329
Безсмертний Роман Петрович,Рівненська,Rivnenska,0.16,17,552041
Безсмертний Роман Петрович,Луганська,Luhanska,0.15,13,302797
Безсмертний Роман Петрович,Тернопільська,Ternopilska,0.15,14,536680
Безсмертний Роман Петрович,Хмельницька,Khmelnytska,0.14,17,650602
Безсмертний Роман Петрович,Житомирська,Zhytomyrska,0.14,16,618835
Безсмертний Роман Петрович,Сумська,Sumska,0.14,16,557247
Безсмертний Роман Петрович,Полтавська,Poltavska,0.13,17,735908
Безсмертний Роман Петрович,Чернігівська,Chernihivska,0.12,16,530039
Безсмертний Роман Петрович,Вінницька,Vinnytska,0.12,19,799770
Безсмертний Роман Петрович,Чернівецька,Chernivetska,0.12,18,385533
Безсмертний Роман Петрович,Черкаська,Cherkaska,0.12,17,615327
Безсмертний Роман Петрович,Херсонська,Khersonska,0.11,16,469391
Безсмертний Роман Петрович,Івано-Франківська,Ivano-Frankivska,0.11,18,650861
Безсмертний Роман Петрович,Запорізька,Zaporizka,0.1,16,872526
Безсмертний Роман Петрович,Харківська,Kharkivska,0.1,16,1324847
Безсмертний Роман Петрович,Миколаївська,Mykolaivska,0.1,19,525684
Безсмертний Роман Петрович,Кіровоградська,Kirovohradska,0.1,19,453544
Безсмертний Роман Петрович,Одеська,Odeska,0.09,18,1026868
Безсмертний Роман Петрович,Дніпропетровська,Dnipropetrovska,0.09,15,1647398
Безсмертний Роман Петрович,Донецька,Donetska,0.08,17,848542
Богомолець Ольга Вадимівна,м.Київ,Kyiv,0.35,12,1462690
Богомолець Ольга Вадимівна,Волинська,Volynska,0.23,13,520163
Богомолець Ольга Вадимівна,Київська,Kyivska,0.23,14,983279
Богомолець Ольга Вадимівна,Рівненська,Rivnenska,0.22,14,552041
Богомолець Ольга Вадимівна,Житомирська,Zhytomyrska,0.22,12,618835
Богомолець Ольга Вадимівна,Закарпатська,Zakarpatska,0.21,15,443329
Богомолець Ольга Вадимівна,Тернопільська,Ternopilska,0.21,13,536680
Богомолець Ольга Вадимівна,Хмельницька,Khmelnytska,0.19,14,650602
Богомолець Ольга Вадимівна,Вінницька,Vinnytska,0.18,13,799770
Богомолець Ольга Вадимівна,Черкаська,Cherkaska,0.18,14,615327
Богомолець Ольга Вадимівна,Чернівецька,Chernivetska,0.17,14,385533
Богомолець Ольга Вадимівна,Львівська,Lvivska,0.17,14,1324932
Богомолець Ольга Вадимівна,Полтавська,Poltavska,0.16,16,735908
Богомолець Ольга Вадимівна,Чернігівська,Chernihivska,0.16,13,530039
Богомолець Ольга Вадимівна,Кіровоградська,Kirovohradska,0.16,14,453544
Богомолець Ольга Вадимівна,Одеська,Odeska,0.16,13,1026868
Богомолець Ольга Вадимівна,Миколаївська,Mykolaivska,0.15,13,525684
Богомолець Ольга Вадимівна,Херсонська,Khersonska,0.15,12,469391
Богомолець Ольга Вадимівна,Сумська,Sumska,0.14,15,557247
Богомолець Ольга Вадимівна,Івано-Франківська,Ivano-Frankivska,0.14,16,650861
Богомолець Ольга Вадимівна,Харківська,Kharkivska,0.13,14,1324847
Богомолець Ольга Вадимівна,Запорізька,Zaporizka,0.12,14,872526
Богомолець Ольга Вадимівна,Дніпропетровська,Dnipropetrovska,0.11,14,1647398
Богомолець Ольга Вадимівна,Луганська,Luhanska,0.1,15,302797
Богомолець Ольга Вадимівна,Донецька,Donetska,0.09,16,848542
Богословська Інна Германівна,Харківська,Kharkivska,0.16,12,1324847
Богословська Інна Германівна,Донецька,Donetska,0.15,13,848542
Богословська Інна Германівна,Луганська,Luhanska,0.14,14,302797
Богословська Інна Германівна,Одеська,Odeska,0.14,14,1026868
Богословська Інна Германівна,Закарпатська,Zakarpatska,0.13,19,443329
Богословська Інна Германівна,Херсонська,Khersonska,0.13,14,469391
Богословська Інна Германівна,Миколаївська,Mykolaivska,0.11,17,525684
Богословська Інна Германівна,Запорізька,Zaporizka,0.11,15,872526
Богословська Інна Германівна,Сумська,Sumska,0.09,20,557247
Богословська Інна Германівна,Чернівецька,Chernivetska,0.09,19,385533
Богословська Інна Германівна,Дніпропетровська,Dnipropetrovska,0.09,16,1647398
Богословська Інна Германівна,Волинська,Volynska,0.09,19,520163
Богословська Інна Германівна,Житомирська,Zhytomyrska,0.09,22,618835
Богословська Інна Германівна,Полтавська,Poltavska,0.09,22,735908
Богословська Інна Германівна,Вінницька,Vinnytska,0.08,23,799770
Богословська Інна Германівна,Київська,Kyivska,0.08,22,983279
Богословська Інна Германівна,Кіровоградська,Kirovohradska,0.08,22,453544
Богословська Інна Германівна,Рівненська,Rivnenska,0.08,23,552041
Богословська Інна Германівна,Чернігівська,Chernihivska,0.07,22,530039
Богословська Інна Германівна,м.Київ,Kyiv,0.07,23,1462690
Богословська Інна Германівна,Хмельницька,Khmelnytska,0.07,23,650602
Богословська Інна Германівна,Черкаська,Cherkaska,0.07,22,615327
Богословська Інна Германівна,Тернопільська,Ternopilska,0.05,24,536680
Богословська Інна Германівна,Львівська,Lvivska,0.04,25,1324932
Богословська Інна Германівна,Івано-Франківська,Ivano-Frankivska,0.04,24,650861
Бойко Юрій Анатолійович,Луганська,Luhanska,43.96,1,302797
Бойко Юрій Анатолійович,Донецька,Donetska,36.87,1,848542
Бойко Юрій Анатолійович,Харківська,Kharkivska,26.58,2,1324847
Бойко Юрій Анатолійович,Одеська,Odeska,21.92,2,1026868
Бойко Юрій Анатолійович,Запорізька,Zaporizka,18.79,2,872526
Бойко Юрій Анатолійович,Миколаївська,Mykolaivska,17.33,2,525684
Бойко Юрій Анатолійович,Херсонська,Khersonska,15.73,2,469391
Бойко Юрій Анатолійович,Дніпропетровська,Dnipropetrovska,12.36,2,1647398
Бойко Юрій Анатолійович,Сумська,Sumska,11.19,3,557247
Бойко Юрій Анатолійович,Полтавська,Poltavska,9.48,4,735908
Бойко Юрій Анатолійович,Чернівецька,Chernivetska,8.99,4,385533
Бойко Юрій Анатолійович,Кіровоградська,Kirovohradska,8.74,4,453544
Бойко Юрій Анатолійович,Закарпатська,Zakarpatska,7.48,4,443329
Бойко Юрій Анатолійович,Чернігівська,Chernihivska,7.33,6,530039
Бойко Юрій Анатолійович,Житомирська,Zhytomyrska,7.2,6,618835
Бойко Юрій Анатолійович,м.Київ,Kyiv,6.27,6,1462690
Бойко Юрій Анатолійович,Черкаська,Cherkaska,5.5,7,615327
Бойко Юрій Анатолійович,Київська,Kyivska,5.2,6,983279
Бойко Юрій Анатолійович,Хмельницька,Khmelnytska,5.07,7,650602
Бойко Юрій Анатолійович,Вінницька,Vinnytska,4.84,7,799770
Бойко Юрій Анатолійович,Рівненська,Rivnenska,4.41,7,552041
Бойко Юрій Анатолійович,Волинська,Volynska,3.63,7,520163
Бойко Юрій Анатолійович,Тернопільська,Ternopilska,1.55,8,536680
Бойко Юрій Анатолійович,Львівська,Lvivska,1.34,8,1324932
Бойко Юрій Анатолійович,Івано-Франківська,Ivano-Frankivska,1.03,10,650861
Бондар Віктор Васильович,Хмельницька,Khmelnytska,0.81,11,650602
Бондар Віктор Васильович,Закарпатська,Zakarpatska,0.79,12,443329
Бондар Віктор Васильович,Луганська,Luhanska,0.18,12,302797
Бондар Віктор Васильович,Донецька,Donetska,0.15,12,848542
Бондар Віктор Васильович,Миколаївська,Mykolaivska,0.12,16,525684
Бондар Віктор Васильович,Одеська,Odeska,0.12,15,1026868
Бондар Віктор Васильович,Харківська,Kharkivska,0.11,15,1324847
Бондар Віктор Васильович,Сумська,Sumska,0.09,21,557247
Бондар Віктор Васильович,Запорізька,Zaporizka,0.09,17,872526
Бондар Віктор Васильович,Херсонська,Khersonska,0.08,20,469391
Бондар Віктор Васильович,Дніпропетровська,Dnipropetrovska,0.08,17,1647398
Бондар Віктор Васильович,Вінницька,Vinnytska,0.07,25,799770
Бондар Віктор Васильович,Полтавська,Poltavska,0.06,25,735908
Бондар Віктор Васильович,Кіровоградська,Kirovohradska,0.06,26,453544
Бондар Віктор Васильович,Чернівецька,Chernivetska,0.06,23,385533
Бондар Віктор Васильович,Житомирська,Zhytomyrska,0.06,25,618835
Бондар Віктор Васильович,Черкаська,Cherkaska,0.05,26,615327
Бондар Віктор Васильович,Чернігівська,Chernihivska,0.05,25,530039
Бондар Віктор Васильович,Волинська,Volynska,0.05,26,520163
Бондар Віктор Васильович,Київська,Kyivska,0.05,26,983279
Бондар Віктор Васильович,Рівненська,Rivnenska,0.05,27,552041
Бондар Віктор Васильович,м.Київ,Kyiv,0.04,27,1462690
Бондар Віктор Васильович,Тернопільська,Ternopilska,0.02,34,536680
Бондар Віктор Васильович,Львівська,Lvivska,0.02,31,1324932
Бондар Віктор Васильович,Івано-Франківська,Ivano-Frankivska,0.01,34,650861
Вілкул Олександр Юрійович,Донецька,Donetska,11.99,4,848542
Вілкул Олександр Юрійович,Дніпропетровська,Dnipropetrovska,10.93,3,1647398
Вілкул Олександр Юрійович,Запорізька,Zaporizka,9.4,3,872526
Вілкул Олександр Юрійович,Луганська,Luhanska,9.16,3,302797
Вілкул Олександр Юрійович,Харківська,Kharkivska,7.47,4,1324847
Вілкул Олександр Юрійович,Одеська,Odeska,6.09,5,1026868
Вілкул Олександр Юрійович,Миколаївська,Mykolaivska,5.94,5,525684
Вілкул Олександр Юрійович,Херсонська,Khersonska,5.29,6,469391
Вілкул Олександр Юрійович,Чернігівська,Chernihivska,2.47,8,530039
Вілкул Олександр Юрійович,Сумська,Sumska,2.29,8,557247
Вілкул Олександр Юрійович,Вінницька,Vinnytska,2.27,8,799770
Вілкул Олександр Юрійович,м.Київ,Kyiv,2.2,7,1462690
Вілкул Олександр Юрійович,Полтавська,Poltavska,2.09,8,735908
Вілкул Олександр Юрійович,Закарпатська,Zakarpatska,2.02,8,443329
Вілкул Олександр Юрійович,Кіровоградська,Kirovohradska,2.02,8,453544
Вілкул Олександр Юрійович,Житомирська,Zhytomyrska,1.72,8,618835
Вілкул Олександр Юрійович,Черкаська,Cherkaska,1.5,8,615327
Вілкул Олександр Юрійович,Київська,Kyivska,1.32,9,983279
Вілкул Олександр Юрійович,Чернівецька,Chernivetska,1.13,9,385533
Вілкул Олександр Юрійович,Волинська,Volynska,1.1,10,520163
Вілкул Олександр Юрійович,Хмельницька,Khmelnytska,1.08,9,650602
Вілкул Олександр Юрійович,Рівненська,Rivnenska,0.97,10,552041
Вілкул Олександр Юрійович,Тернопільська,Ternopilska,0.37,12,536680
Вілкул Олександр Юрійович,Львівська,Lvivska,0.32,12,1324932
Вілкул Олександр Юрійович,Івано-Франківська,Ivano-Frankivska,0.31,13,650861
Ващенко Олександр Михайлович,Закарпатська,Zakarpatska,0.05,28,443329
Ващенко Олександр Михайлович,Запорізька,Zaporizka,0.04,29,872526
Ващенко Олександр Михайлович,Луганська,Luhanska,0.04,26,302797
Ващенко Олександр Михайлович,Донецька,Donetska,0.04,26,848542
Ващенко Олександр Михайлович,Херсонська,Khersonska,0.03,30,469391
Ващенко Олександр Михайлович,Одеська,Odeska,0.03,28,1026868
Ващенко Олександр Михайлович,Дніпропетровська,Dnipropetrovska,0.03,27,1647398
Ващенко Олександр Михайлович,Волинська,Volynska,0.03,33,520163
Ващенко Олександр Михайлович,Житомирська,Zhytomyrska,0.03,30,618835
Ващенко Олександр Михайлович,Харківська,Kharkivska,0.02,29,1324847
Ващенко Олександр Михайлович,Чернівецька,Chernivetska,0.02,31,385533
Ващенко Олександр Михайлович,Тернопільська,Ternopilska,0.02,32,536680
Ващенко Олександр Михайлович,Хмельницька,Khmelnytska,0.02,36,650602
Ващенко Олександр Михайлович,Черкаська,Cherkaska,0.02,37,615327
Ващенко Олександр Михайлович,Чернігівська,Chernihivska,0.02,31,530039
Ващенко Олександр Михайлович,Сумська,Sumska,0.02,35,557247
Ващенко Олександр Михайлович,Полтавська,Poltavska,0.02,33,735908
Ващенко Олександр Михайлович,Рівненська,Rivnenska,0.02,36,552041
Ващенко Олександр Михайлович,Миколаївська,Mykolaivska,0.02,32,525684
Ващенко Олександр Михайлович,Вінницька,Vinnytska,0.02,34,799770
Ващенко Олександр Михайлович,Кіровоградська,Kirovohradska,0.02,32,453544
Ващенко Олександр Михайлович,Київська,Kyivska,0.01,37,983279
Ващенко Олександр Михайлович,Львівська,Lvivska,0.01,34,1324932
Ващенко Олександр Михайлович,Івано-Франківська,Ivano-Frankivska,0.01,32,650861
Ващенко Олександр Михайлович,м.Київ,Kyiv,0.01,39,1462690
Габер Микола Олександрович,Хмельницька,Khmelnytska,0.05,27,650602
Габер Микола Олександрович,Закарпатська,Zakarpatska,0.04,33,443329
Габер Микола Олександрович,Рівненська,Rivnenska,0.04,30,552041
Габер Микола Олександрович,Житомирська,Zhytomyrska,0.03,31,618835
Габер Микола Олександрович,Тернопільська,Ternopilska,0.03,28,536680
Габер Микола Олександрович,Черкаська,Cherkaska,0.03,28,615327
Габер Микола Олександрович,Волинська,Volynska,0.03,34,520163
Габер Микола Олександрович,Луганська,Luhanska,0.03,30,302797
Габер Микола Олександрович,Івано-Франківська,Ivano-Frankivska,0.03,26,650861
Габер Микола Олександрович,Львівська,Lvivska,0.03,27,1324932
Габер Микола Олександрович,Вінницька,Vinnytska,0.03,30,799770
Габер Микола Олександрович,Чернівецька,Chernivetska,0.02,33,385533
Габер Микола Олександрович,Кіровоградська,Kirovohradska,0.02,31,453544
Габер Микола Олександрович,Херсонська,Khersonska,0.02,31,469391
Габер Микола Олександрович,Дніпропетровська,Dnipropetrovska,0.02,32,1647398
Габер Микола Олександрович,Миколаївська,Mykolaivska,0.02,33,525684
Габер Микола Олександрович,Полтавська,Poltavska,0.02,32,735908
Габер Микола Олександрович,Сумська,Sumska,0.02,32,557247
Габер Микола Олександрович,Чернігівська,Chernihivska,0.02,33,530039
Габер Микола Олександрович,Одеська,Odeska,0.02,30,1026868
Габер Микола Олександрович,Харківська,Kharkivska,0.02,30,1324847
Габер Микола Олександрович,Запорізька,Zaporizka,0.02,31,872526
Габер Микола Олександрович,Київська,Kyivska,0.02,34,983279
Габер Микола Олександрович,Донецька,Donetska,0.02,32,848542
Габер Микола Олександрович,м.Київ,Kyiv,0.01,38,1462690
Гриценко Анатолій Степанович,Львівська,Lvivska,19.02,2,1324932
Гриценко Анатолій Степанович,Тернопільська,Ternopilska,17.08,3,536680
Гриценко Анатолій Степанович,Івано-Франківська,Ivano-Frankivska,15.16,4,650861
Гриценко Анатолій Степанович,Черкаська,Cherkaska,9.41,5,615327
Гриценко Анатолій Степанович,м.Київ,Kyiv,9.11,5,1462690
Гриценко Анатолій Степанович,Волинська,Volynska,9.01,5,520163
Гриценко Анатолій Степанович,Хмельницька,Khmelnytska,8.59,5,650602
Гриценко Анатолій Степанович,Рівненська,Rivnenska,7.7,5,552041
Гриценко Анатолій Степанович,Київська,Kyivska,7.22,5,983279
Гриценко Анатолій Степанович,Вінницька,Vinnytska,6.23,6,799770
Гриценко Анатолій Степанович,Чернігівська,Chernihivska,5.89,7,530039
Гриценко Анатолій Степанович,Житомирська,Zhytomyrska,5.72,7,618835
Гриценко Анатолій Степанович,Сумська,Sumska,5.42,7,557247
Гриценко Анатолій Степанович,Полтавська,Poltavska,5.27,7,735908
Гриценко Анатолій Степанович,Чернівецька,Chernivetska,5.16,7,385533
Гриценко Анатолій Степанович,Закарпатська,Zakarpatska,5.13,6,443329
Гриценко Анатолій Степанович,Кіровоградська,Kirovohradska,4.34,7,453544
Гриценко Анатолій Степанович,Херсонська,Khersonska,3.93,8,469391
Гриценко Анатолій Степанович,Дніпропетровська,Dnipropetrovska,3.29,7,1647398
Гриценко Анатолій Степанович,Миколаївська,Mykolaivska,3.16,8,525684
Гриценко Анатолій Степанович,Харківська,Kharkivska,3.12,8,1324847
Гриценко Анатолій Степанович,Запорізька,Zaporizka,2.97,8,872526
Гриценко Анатолій Степанович,Одеська,Odeska,2.87,8,1026868
Гриценко Анатолій Степанович,Луганська,Luhanska,1.53,8,302797
Гриценко Анатолій Степанович,Донецька,Donetska,1.35,8,848542
Дерев’янко Юрій Богданович,Івано-Франківська,Ivano-Frankivska,0.69,11,650861
Дерев’янко Юрій Богданович,Житомирська,Zhytomyrska,0.2,14,618835
Дерев’янко Юрій Богданович,Чернівецька,Chernivetska,0.14,17,385533
Дерев’янко Юрій Богданович,Львівська,Lvivska,0.13,16,1324932
Дерев’янко Юрій Богданович,Кіровоградська,Kirovohradska,0.12,16,453544
Дерев’янко Юрій Богданович,Миколаївська,Mykolaivska,0.1,19,525684
Дерев’янко Юрій Богданович,Полтавська,Poltavska,0.1,20,735908
Дерев’янко Юрій Богданович,м.Київ,Kyiv,0.09,16,1462690
Дерев’янко Юрій Богданович,Рівненська,Rivnenska,0.09,21,552041
Дерев’янко Юрій Богданович,Вінницька,Vinnytska,0.08,24,799770
Дерев’янко Юрій Богданович,Чернігівська,Chernihivska,0.08,21,530039
Дерев’янко Юрій Богданович,Херсонська,Khersonska,0.08,19,469391
Дерев’янко Юрій Богданович,Сумська,Sumska,0.08,22,557247
Дерев’янко Юрій Богданович,Хмельницька,Khmelnytska,0.08,21,650602
Дерев’янко Юрій Богданович,Луганська,Luhanska,0.07,19,302797
Дерев’янко Юрій Богданович,Закарпатська,Zakarpatska,0.07,24,443329
Дерев’янко Юрій Богданович,Тернопільська,Ternopilska,0.07,20,536680
Дерев’янко Юрій Богданович,Київська,Kyivska,0.06,24,983279
Дерев’янко Юрій Богданович,Волинська,Volynska,0.06,23,520163
Дерев’янко Юрій Богданович,Черкаська,Cherkaska,0.06,23,615327
Дерев’янко Юрій Богданович,Харківська,Kharkivska,0.05,23,1324847
Дерев’янко Юрій Богданович,Одеська,Odeska,0.05,27,1026868
Дерев’янко Юрій Богданович,Запорізька,Zaporizka,0.04,24,872526
Дерев’янко Юрій Богданович,Дніпропетровська,Dnipropetrovska,0.03,29,1647398
Дерев’янко Юрій Богданович,Донецька,Donetska,0.03,30,848542
Журавльов Василь Миколайович,Закарпатська,Zakarpatska,0.09,22,443329
Журавльов Василь Миколайович,Донецька,Donetska,0.07,18,848542
Журавльов Василь Миколайович,Одеська,Odeska,0.06,24,1026868
Журавльов Василь Миколайович,Миколаївська,Mykolaivska,0.06,24,525684
Журавльов Василь Миколайович,Херсонська,Khersonska,0.06,27,469391
Журавльов Василь Миколайович,Запорізька,Zaporizka,0.05,22,872526
Журавльов Василь Миколайович,Дніпропетровська,Dnipropetrovska,0.05,21,1647398
Журавльов Василь Миколайович,Чернівецька,Chernivetska,0.05,26,385533
Журавльов Василь Миколайович,Кіровоградська,Kirovohradska,0.04,27,453544
Журавльов Василь Миколайович,Вінницька,Vinnytska,0.04,27,799770
Журавльов Василь Миколайович,Полтавська,Poltavska,0.04,28,735908
Журавльов Василь Миколайович,Житомирська,Zhytomyrska,0.04,27,618835
Журавльов Василь Миколайович,Сумська,Sumska,0.04,28,557247
Журавльов Василь Миколайович,Волинська,Volynska,0.03,31,520163
Журавльов Василь Миколайович,Хмельницька,Khmelnytska,0.03,30,650602
Журавльов Василь Миколайович,Київська,Kyivska,0.03,28,983279
Журавльов Василь Миколайович,Харківська,Kharkivska,0.03,26,1324847
Журавльов Василь Миколайович,Рівненська,Rivnenska,0.03,31,552041
Журавльов Василь Миколайович,Черкаська,Cherkaska,0.03,27,615327
Журавльов Василь Миколайович,Луганська,Luhanska,0.03,28,302797
Журавльов Василь Миколайович,Чернігівська,Chernihivska,0.03,28,530039
Журавльов Василь Миколайович,Івано-Франківська,Ivano-Frankivska,0.02,30,650861
Журавльов Василь Миколайович,Львівська,Lvivska,0.02,33,1324932
Журавльов Василь Миколайович,м.Київ,Kyiv,0.02,32,1462690
Журавльов Василь Миколайович,Тернопільська,Ternopilska,0.01,35,536680
Зеленський Володимир Олександрович,Дніпропетровська,Dnipropetrovska,45.34,1,1647398
Зеленський Володимир Олександрович,Одеська,Odeska,41.26,1,1026868
Зеленський Володимир Олександрович,Миколаївська,Mykolaivska,40.74,1,525684
Зеленський Володимир Олександрович,Запорізька,Zaporizka,39.75,1,872526
Зеленський Володимир Олександрович,Закарпатська,Zakarpatska,38.35,1,443329
Зеленський Володимир Олександрович,Херсонська,Khersonska,37.58,1,469391
Зеленський Володимир Олександрович,Харківська,Kharkivska,36.41,1,1324847
Зеленський Володимир Олександрович,Полтавська,Poltavska,35.62,1,735908
Зеленський Володимир Олександрович,Кіровоградська,Kirovohradska,34.52,1,453544
Зеленський Володимир Олександрович,Сумська,Sumska,32.66,1,557247
Зеленський Володимир Олександрович,Чернівецька,Chernivetska,31.07,1,385533
Зеленський Володимир Олександрович,Київська,Kyivska,30.86,1,983279
Зеленський Володимир Олександрович,Черкаська,Cherkaska,30.06,1,615327
Зеленський Володимир Олександрович,Житомирська,Zhytomyrska,27.83,1,618835
Зеленський Володимир Олександрович,м.Київ,Kyiv,27.09,1,1462690
Зеленський Володимир Олександрович,Чернігівська,Chernihivska,26.28,1,530039
Зеленський Володимир Олександрович,Луганська,Luhanska,25.05,2,302797
Зеленський Володимир Олександрович,Хмельницька,Khmelnytska,24.89,1,650602
Зеленський Володимир Олександрович,Донецька,Donetska,24.74,2,848542
Зеленський Володимир Олександрович,Рівненська,Rivnenska,24.01,1,552041
Зеленський Володимир Олександрович,Вінницька,Vinnytska,23.42,1,799770
Зеленський Володимир Олександрович,Волинська,Volynska,21.63,1,520163
Зеленський Володимир Олександрович,Івано-Франківська,Ivano-Frankivska,16.07,3,650861
Зеленський Володимир Олександрович,Тернопільська,Ternopilska,14.67,4,536680
Зеленський Володимир Олександрович,Львівська,Lvivska,11.96,4,1324932
Каплін Сергій Миколайович,Полтавська,Poltavska,0.47,11,735908
Каплін Сергій Миколайович,Сумська,Sumska,0.16,13,557247
Каплін Сергій Миколайович,Миколаївська,Mykolaivska,0.08,22,525684
Каплін Сергій Миколайович,Закарпатська,Zakarpatska,0.08,23,443329
Каплін Сергій Миколайович,Кіровоградська,Kirovohradska,0.07,24,453544
Каплін Сергій Миколайович,Харківська,Kharkivska,0.07,20,1324847
Каплін Сергій Миколайович,Хмельницька,Khmelnytska,0.06,26,650602
Каплін Сергій Миколайович,Херсонська,Khersonska,0.06,26,469391
Каплін Сергій Миколайович,Дніпропетровська,Dnipropetrovska,0.06,20,1647398
Каплін Сергій Миколайович,Черкаська,Cherkaska,0.06,24,615327
Каплін Сергій Миколайович,Запорізька,Zaporizka,0.06,20,872526
Каплін Сергій Миколайович,Одеська,Odeska,0.06,26,1026868
Каплін Сергій Миколайович,Київська,Kyivska,0.06,25,983279
Каплін Сергій Миколайович,Луганська,Luhanska,0.06,22,302797
Каплін Сергій Миколайович,Донецька,Donetska,0.05,23,848542
Каплін Сергій Миколайович,Житомирська,Zhytomyrska,0.05,26,618835
Каплін Сергій Миколайович,Чернівецька,Chernivetska,0.05,25,385533
Каплін Сергій Миколайович,м.Київ,Kyiv,0.05,26,1462690
Каплін Сергій Миколайович,Чернігівська,Chernihivska,0.05,26,530039
Каплін Сергій Миколайович,Рівненська,Rivnenska,0.05,26,552041
Каплін Сергій Миколайович,Вінницька,Vinnytska,0.05,26,799770
Каплін Сергій Миколайович,Волинська,Volynska,0.04,27,520163
Каплін Сергій Миколайович,Тернопільська,Ternopilska,0.03,28,536680
Каплін Сергій Миколайович,Львівська,Lvivska,0.02,32,1324932
Каплін Сергій Миколайович,Івано-Франківська,Ivano-Frankivska,0.02,31,650861
Кармазін Юрій Анатолійович,Вінницька,Vinnytska,0.16,14,799770
Кармазін Юрій Анатолійович,Черкаська,Cherkaska,0.16,16,615327
Кармазін Юрій Анатолійович,Сумська,Sumska,0.14,14,557247
Кармазін Юрій Анатолійович,Житомирська,Zhytomyrska,0.13,18,618835
Кармазін Юрій Анатолійович,Полтавська,Poltavska,0.13,18,735908
Кармазін Юрій Анатолійович,Кіровоградська,Kirovohradska,0.12,17,453544
Кармазін Юрій Анатолійович,Київська,Kyivska,0.11,16,983279
Кармазін Юрій Анатолійович,Рівненська,Rivnenska,0.1,20,552041
Кармазін Юрій Анатолійович,Хмельницька,Khmelnytska,0.1,19,650602
Кармазін Юрій Анатолійович,Чернівецька,Chernivetska,0.08,21,385533
Кармазін Юрій Анатолійович,Волинська,Volynska,0.08,20,520163
Кармазін Юрій Анатолійович,Чернігівська,Chernihivska,0.08,20,530039
Кармазін Юрій Анатолійович,м.Київ,Kyiv,0.07,21,1462690
Кармазін Юрій Анатолійович,Миколаївська,Mykolaivska,0.07,23,525684
Кармазін Юрій Анатолійович,Закарпатська,Zakarpatska,0.07,25,443329
Кармазін Юрій Анатолійович,Одеська,Odeska,0.07,22,1026868
Кармазін Юрій Анатолійович,Харківська,Kharkivska,0.06,22,1324847
Кармазін Юрій Анатолійович,Херсонська,Khersonska,0.06,25,469391
Кармазін Юрій Анатолійович,Тернопільська,Ternopilska,0.06,21,536680
Кармазін Юрій Анатолійович,Луганська,Luhanska,0.05,23,302797
Кармазін Юрій Анатолійович,Івано-Франківська,Ivano-Frankivska,0.05,22,650861
Кармазін Юрій Анатолійович,Дніпропетровська,Dnipropetrovska,0.04,23,1647398
Кармазін Юрій Анатолійович,Донецька,Donetska,0.04,24,848542
Кармазін Юрій Анатолійович,Запорізька,Zaporizka,0.04,25,872526
Кармазін Юрій Анатолійович,Львівська,Lvivska,0.04,23,1324932
Кива Ілля Володимирович,Луганська,Luhanska,0.04,27,302797
Кива Ілля Володимирович,Донецька,Donetska,0.04,29,848542
Кива Ілля Володимирович,Закарпатська,Zakarpatska,0.04,33,443329
Кива Ілля Володимирович,Чернівецька,Chernivetska,0.04,27,385533
Кива Ілля Володимирович,Запорізька,Zaporizka,0.04,28,872526
Кива Ілля Володимирович,Чернігівська,Chernihivska,0.04,27,530039
Кива Ілля Володимирович,Полтавська,Poltavska,0.04,27,735908
Кива Ілля Володимирович,Херсонська,Khersonska,0.03,29,469391
Кива Ілля Володимирович,Кіровоградська,Kirovohradska,0.03,29,453544
Кива Ілля Володимирович,Сумська,Sumska,0.03,29,557247
Кива Ілля Володимирович,Миколаївська,Mykolaivska,0.03,28,525684
Кива Ілля Володимирович,Волинська,Volynska,0.03,29,520163
Кива Ілля Володимирович,Харківська,Kharkivska,0.03,28,1324847
Кива Ілля Володимирович,м.Київ,Kyiv,0.03,31,1462690
Кива Ілля Володимирович,Рівненська,Rivnenska,0.02,35,552041
Кива Ілля Володимирович,Одеська,Odeska,0.02,29,1026868
Кива Ілля Володимирович,Черкаська,Cherkaska,0.02,29,615327
Кива Ілля Володимирович,Дніпропетровська,Dnipropetrovska,0.02,31,1647398
Кива Ілля Володимирович,Київська,Kyivska,0.02,32,983279
Кива Ілля Володимирович,Хмельницька,Khmelnytska,0.02,32,650602
Кива Ілля Володимирович,Житомирська,Zhytomyrska,0.02,32,618835
Кива Ілля Володимирович,Вінницька,Vinnytska,0.02,33,799770
Кива Ілля Володимирович,Тернопільська,Ternopilska,0.01,36,536680
Кива Ілля Володимирович,Львівська,Lvivska,0.01,37,1324932
Кива Ілля Володимирович,Івано-Франківська,Ivano-Frankivska,0.01,33,650861
Кошулинський Руслан Володимирович,Івано-Франківська,Ivano-Frankivska,6.86,5,650861
Кошулинський Руслан Володимирович,Тернопільська,Ternopilska,5.46,6,536680
Кошулинський Руслан Володимирович,Львівська,Lvivska,4.66,6,1324932
Кошулинський Руслан Володимирович,Хмельницька,Khmelnytska,2.98,8,650602
Кошулинський Руслан Володимирович,Волинська,Volynska,2.85,8,520163
Кошулинський Руслан Володимирович,Рівненська,Rivnenska,2.8,8,552041
Кошулинський Руслан Володимирович,Київська,Kyivska,1.64,8,983279
Кошулинський Руслан Володимирович,м.Київ,Kyiv,1.46,8,1462690
Кошулинський Руслан Володимирович,Чернівецька,Chernivetska,1.31,8,385533
Кошулинський Руслан Володимирович,Черкаська,Cherkaska,1.25,9,615327
Кошулинський Руслан Володимирович,Вінницька,Vinnytska,1.12,9,799770
Кошулинський Руслан Володимирович,Кіровоградська,Kirovohradska,1.07,9,453544
Кошулинський Руслан Володимирович,Полтавська,Poltavska,1.06,9,735908
Кошулинський Руслан Володимирович,Житомирська,Zhytomyrska,1.04,9,618835
Кошулинський Руслан Володимирович,Закарпатська,Zakarpatska,0.97,10,443329
Кошулинський Руслан Володимирович,Чернігівська,Chernihivska,0.75,9,530039
Кошулинський Руслан Володимирович,Сумська,Sumska,0.65,10,557247
Кошулинський Руслан Володимирович,Херсонська,Khersonska,0.54,10,469391
Кошулинський Руслан Володимирович,Дніпропетровська,Dnipropetrovska,0.49,9,1647398
Кошулинський Руслан Володимирович,Миколаївська,Mykolaivska,0.48,9,525684
Кошулинський Руслан Володимирович,Запорізька,Zaporizka,0.38,10,872526
Кошулинський Руслан Володимирович,Харківська,Kharkivska,0.36,9,1324847
Кошулинський Руслан Володимирович,Луганська,Luhanska,0.33,9,302797
Кошулинський Руслан Володимирович,Донецька,Donetska,0.31,9,848542
Кошулинський Руслан Володимирович,Одеська,Odeska,0.31,10,1026868
Кривенко Віктор Миколайович,Івано-Франківська,Ivano-Frankivska,0.26,15,650861
Кривенко Віктор Миколайович,Тернопільська,Ternopilska,0.12,15,536680
Кривенко Віктор Миколайович,Львівська,Lvivska,0.1,19,1324932
Кривенко Віктор Миколайович,Рівненська,Rivnenska,0.09,22,552041
Кривенко Віктор Миколайович,Сумська,Sumska,0.06,26,557247
Кривенко Віктор Миколайович,Волинська,Volynska,0.05,25,520163
Кривенко Віктор Миколайович,Житомирська,Zhytomyrska,0.04,28,618835
Кривенко Віктор Миколайович,Київська,Kyivska,0.04,27,983279
Кривенко Віктор Миколайович,м.Київ,Kyiv,0.03,30,1462690
Кривенко Віктор Миколайович,Вінницька,Vinnytska,0.03,32,799770
Кривенко Віктор Миколайович,Закарпатська,Zakarpatska,0.03,35,443329
Кривенко Віктор Миколайович,Полтавська,Poltavska,0.03,29,735908
Кривенко Віктор Миколайович,Чернівецька,Chernivetska,0.03,30,385533
Кривенко Віктор Миколайович,Хмельницька,Khmelnytska,0.03,31,650602
Кривенко Віктор Миколайович,Дніпропетровська,Dnipropetrovska,0.03,28,1647398
Кривенко Віктор Миколайович,Запорізька,Zaporizka,0.02,33,872526
Кривенко Віктор Миколайович,Донецька,Donetska,0.02,33,848542
Кривенко Віктор Миколайович,Чернігівська,Chernihivska,0.02,31,530039
Кривенко Віктор Миколайович,Черкаська,Cherkaska,0.02,31,615327
Кривенко Віктор Миколайович,Миколаївська,Mykolaivska,0.02,29,525684
Кривенко Віктор Миколайович,Кіровоградська,Kirovohradska,0.02,34,453544
Кривенко Віктор Миколайович,Херсонська,Khersonska,0.02,33,469391
Кривенко Віктор Миколайович,Одеська,Odeska,0.01,35,1026868
Кривенко Віктор Миколайович,Луганська,Luhanska,0.01,35,302797
Кривенко Віктор Миколайович,Харківська,Kharkivska,0.01,33,1324847
Литвиненко Юлія Леонідівна,Чернівецька,Chernivetska,0.2,13,385533
Литвиненко Юлія Леонідівна,Закарпатська,Zakarpatska,0.18,16,443329
Литвиненко Юлія Леонідівна,Рівненська,Rivnenska,0.17,16,552041
Литвиненко Юлія Леонідівна,Житомирська,Zhytomyrska,0.15,15,618835
Литвиненко Юлія Леонідівна,Волинська,Volynska,0.15,16,520163
Литвиненко Юлія Леонідівна,Хмельницька,Khmelnytska,0.14,16,650602
Литвиненко Юлія Леонідівна,Вінницька,Vinnytska,0.14,15,799770
Литвиненко Юлія Леонідівна,Чернігівська,Chernihivska,0.13,14,530039
Литвиненко Юлія Леонідівна,Івано-Франківська,Ivano-Frankivska,0.11,17,650861
Литвиненко Юлія Леонідівна,Полтавська,Poltavska,0.11,19,735908
Литвиненко Юлія Леонідівна,Кіровоградська,Kirovohradska,0.11,18,453544
Литвиненко Юлія Леонідівна,Херсонська,Khersonska,0.1,18,469391
Литвиненко Юлія Леонідівна,Сумська,Sumska,0.1,18,557247
Литвиненко Юлія Леонідівна,Черкаська,Cherkaska,0.1,19,615327
Литвиненко Юлія Леонідівна,Київська,Kyivska,0.1,18,983279
Литвиненко Юлія Леонідівна,Тернопільська,Ternopilska,0.1,19,536680
Литвиненко Юлія Леонідівна,Миколаївська,Mykolaivska,0.1,20,525684
Литвиненко Юлія Леонідівна,Одеська,Odeska,0.09,19,1026868
Литвиненко Юлія Леонідівна,Львівська,Lvivska,0.08,20,1324932
Литвиненко Юлія Леонідівна,Луганська,Luhanska,0.07,18,302797
Литвиненко Юлія Леонідівна,м.Київ,Kyiv,0.07,22,1462690
Литвиненко Юлія Леонідівна,Харківська,Kharkivska,0.07,19,1324847
Литвиненко Юлія Леонідівна,Запорізька,Zaporizka,0.07,19,872526
Литвиненко Юлія Леонідівна,Дніпропетровська,Dnipropetrovska,0.06,19,1647398
Литвиненко Юлія Леонідівна,Донецька,Donetska,0.06,21,848542
Ляшко Олег Валерійович,Чернігівська,Chernihivska,12.53,4,530039
Ляшко Олег Валерійович,Волинська,Volynska,9.9,4,520163
Ляшко Олег Валерійович,Рівненська,Rivnenska,9.88,4,552041
Ляшко Олег Валерійович,Хмельницька,Khmelnytska,9.84,4,650602
Ляшко Олег Валерійович,Житомирська,Zhytomyrska,9.71,4,618835
Ляшко Олег Валерійович,Кіровоградська,Kirovohradska,8.17,5,453544
Ляшко Олег Валерійович,Вінницька,Vinnytska,8.17,5,799770
Ляшко Олег Валерійович,Сумська,Sumska,8.15,6,557247
Ляшко Олег Валерійович,Черкаська,Cherkaska,8.09,6,615327
Ляшко Олег Валерійович,Чернівецька,Chernivetska,7.54,5,385533
Ляшко Олег Валерійович,Полтавська,Poltavska,7.54,6,735908
Ляшко Олег Валерійович,Тернопільська,Ternopilska,7.41,5,536680
Ляшко Олег Валерійович,Закарпатська,Zakarpatska,6.27,5,443329
Ляшко Олег Валерійович,Херсонська,Khersonska,6.02,5,469391
Ляшко Олег Валерійович,Миколаївська,Mykolaivska,5.72,6,525684
Ляшко Олег Валерійович,Київська,Kyivska,4.92,7,983279
Ляшко Олег Валерійович,Івано-Франківська,Ivano-Frankivska,4.04,6,650861
Ляшко Олег Валерійович,Запорізька,Zaporizka,3.73,7,872526
Ляшко Олег Валерійович,Одеська,Odeska,3.5,6,1026868
Ляшко Олег Валерійович,Львівська,Lvivska,3.45,7,1324932
Ляшко Олег Валерійович,Харківська,Kharkivska,3.19,7,1324847
Ляшко Олег Валерійович,Луганська,Luhanska,3.17,6,302797
Ляшко Олег Валерійович,Дніпропетровська,Dnipropetrovska,2.81,8,1647398
Ляшко Олег Валерійович,Донецька,Donetska,2.65,6,848542
Ляшко Олег Валерійович,м.Київ,Kyiv,1.41,9,1462690
Мороз Олександр Олександрович,Полтавська,Poltavska,0.09,21,735908
Мороз Олександр Олександрович,Черкаська,Cherkaska,0.09,20,615327
Мороз Олександр Олександрович,Житомирська,Zhytomyrska,0.09,23,618835
Мороз Олександр Олександрович,Вінницька,Vinnytska,0.09,21,799770
Мороз Олександр Олександрович,м.Київ,Kyiv,0.09,18,1462690
Мороз Олександр Олександрович,Кіровоградська,Kirovohradska,0.08,21,453544
Мороз Олександр Олександрович,Київська,Kyivska,0.08,21,983279
Мороз Олександр Олександрович,Чернігівська,Chernihivska,0.08,19,530039
Мороз Олександр Олександрович,Одеська,Odeska,0.08,20,1026868
Мороз Олександр Олександрович,Сумська,Sumska,0.07,23,557247
Мороз Олександр Олександрович,Закарпатська,Zakarpatska,0.07,26,443329
Мороз Олександр Олександрович,Хмельницька,Khmelnytska,0.07,25,650602
Мороз Олександр Олександрович,Херсонська,Khersonska,0.07,21,469391
Мороз Олександр Олександрович,Рівненська,Rivnenska,0.07,25,552041
Мороз Олександр Олександрович,Луганська,Luhanska,0.06,21,302797
Мороз Олександр Олександрович,Чернівецька,Chernivetska,0.06,24,385533
Мороз Олександр Олександрович,Донецька,Donetska,0.06,19,848542
Мороз Олександр Олександрович,Миколаївська,Mykolaivska,0.06,25,525684
Мороз Олександр Олександрович,Волинська,Volynska,0.06,24,520163
Мороз Олександр Олександрович,Харківська,Kharkivska,0.06,21,1324847
Мороз Олександр Олександрович,Запорізька,Zaporizka,0.05,21,872526
Мороз Олександр Олександрович,Тернопільська,Ternopilska,0.04,25,536680
Мороз Олександр Олександрович,Івано-Франківська,Ivano-Frankivska,0.03,28,650861
Мороз Олександр Олександрович,Львівська,Lvivska,0.03,28,1324932
Мороз Олександр Олександрович,Дніпропетровська,Dnipropetrovska,0.03,26,1647398
Наливайченко Валентин Олександрович,Тернопільська,Ternopilska,0.55,11,536680
Наливайченко Валентин Олександрович,Рівненська,Rivnenska,0.53,12,552041
Наливайченко Валентин Олександрович,Волинська,Volynska,0.37,12,520163
Наливайченко Валентин Олександрович,Львівська,Lvivska,0.34,11,1324932
Наливайченко Валентин Олександрович,Чернівецька,Chernivetska,0.33,12,385533
Наливайченко Валентин Олександрович,Черкаська,Cherkaska,0.29,12,615327
Наливайченко Валентин Олександрович,Івано-Франківська,Ivano-Frankivska,0.28,14,650861
Наливайченко Валентин Олександрович,Київська,Kyivska,0.27,12,983279
Наливайченко Валентин Олександрович,Закарпатська,Zakarpatska,0.26,14,443329
Наливайченко Валентин Олександрович,Кіровоградська,Kirovohradska,0.26,12,453544
Наливайченко Валентин Олександрович,м.Київ,Kyiv,0.26,15,1462690
Наливайченко Валентин Олександрович,Сумська,Sumska,0.25,12,557247
Наливайченко Валентин Олександрович,Вінницька,Vinnytska,0.24,12,799770
Наливайченко Валентин Олександрович,Хмельницька,Khmelnytska,0.23,13,650602
Наливайченко Валентин Олександрович,Полтавська,Poltavska,0.22,13,735908
Наливайченко Валентин Олександрович,Житомирська,Zhytomyrska,0.22,13,618835
Наливайченко Валентин Олександрович,Чернігівська,Chernihivska,0.21,12,530039
Наливайченко Валентин Олександрович,Херсонська,Khersonska,0.14,13,469391
Наливайченко Валентин Олександрович,Запорізька,Zaporizka,0.14,13,872526
Наливайченко Валентин Олександрович,Дніпропетровська,Dnipropetrovska,0.12,13,1647398
Наливайченко Валентин Олександрович,Миколаївська,Mykolaivska,0.11,18,525684
Наливайченко Валентин Олександрович,Харківська,Kharkivska,0.1,17,1324847
Наливайченко Валентин Олександрович,Одеська,Odeska,0.1,17,1026868
Наливайченко Валентин Олександрович,Луганська,Luhanska,0.06,20,302797
Наливайченко Валентин Олександрович,Донецька,Donetska,0.06,22,848542
Новак Андрій Яремович,Закарпатська,Zakarpatska,0.05,29,443329
Новак Андрій Яремович,м.Київ,Kyiv,0.05,25,1462690
Новак Андрій Яремович,Рівненська,Rivnenska,0.04,28,552041
Новак Андрій Яремович,Хмельницька,Khmelnytska,0.03,29,650602
Новак Андрій Яремович,Львівська,Lvivska,0.03,26,1324932
Новак Андрій Яремович,Волинська,Volynska,0.03,30,520163
Новак Андрій Яремович,Київська,Kyivska,0.03,29,983279
Новак Андрій Яремович,Чернівецька,Chernivetska,0.03,29,385533
Новак Андрій Яремович,Івано-Франківська,Ivano-Frankivska,0.03,27,650861
Новак Андрій Яремович,Сумська,Sumska,0.02,31,557247
Новак Андрій Яремович,Харківська,Kharkivska,0.02,31,1324847
Новак Андрій Яремович,Тернопільська,Ternopilska,0.02,29,536680
Новак Андрій Яремович,Житомирська,Zhytomyrska,0.02,34,618835
Новак Андрій Яремович,Миколаївська,Mykolaivska,0.02,31,525684
Новак Андрій Яремович,Полтавська,Poltavska,0.02,31,735908
Новак Андрій Яремович,Вінницька,Vinnytska,0.02,35,799770
Новак Андрій Яремович,Одеська,Odeska,0.02,32,1026868
Новак Андрій Яремович,Кіровоградська,Kirovohradska,0.02,35,453544
Новак Андрій Яремович,Чернігівська,Chernihivska,0.02,32,530039
Новак Андрій Яремович,Черкаська,Cherkaska,0.02,32,615327
Новак Андрій Яремович,Донецька,Donetska,0.01,34,848542
Новак Андрій Яремович,Херсонська,Khersonska,0.01,35,469391
Новак Андрій Яремович,Запорізька,Zaporizka,0.01,34,872526
Новак Андрій Яремович,Дніпропетровська,Dnipropetrovska,0.01,34,1647398
Новак Андрій Яремович,Луганська,Luhanska,0.01,38,302797
Петров Володимир Володимирович,Львівська,Lvivska,0.14,15,1324932
Петров Володимир Володимирович,Вінницька,Vinnytska,0.13,16,799770
Петров Володимир Володимирович,Рівненська,Rivnenska,0.13,19,552041
Петров Володимир Володимирович,Тернопільська,Ternopilska,0.11,18,536680
Петров Володимир Володимирович,Закарпатська,Zakarpatska,0.11,21,443329
Петров Володимир Володимирович,Івано-Франківська,Ivano-Frankivska,0.1,20,650861
Петров Володимир Володимирович,Житомирська,Zhytomyrska,0.1,21,618835
Петров Володимир Володимирович,м.Київ,Kyiv,0.09,17,1462690
Петров Володимир Володимирович,Волинська,Volynska,0.09,18,520163
Петров Володимир Володимирович,Чернівецька,Chernivetska,0.09,20,385533
Петров Володимир Володимирович,Хмельницька,Khmelnytska,0.09,20,650602
Петров Володимир Володимирович,Київська,Kyivska,0.08,19,983279
Петров Володимир Володимирович,Херсонська,Khersonska,0.07,24,469391
Петров Володимир Володимирович,Чернігівська,Chernihivska,0.07,23,530039
Петров Володимир Володимирович,Кіровоградська,Kirovohradska,0.07,25,453544
Петров Володимир Володимирович,Донецька,Donetska,0.06,20,848542
Петров Володимир Володимирович,Одеська,Odeska,0.06,23,1026868
Петров Володимир Володимирович,Миколаївська,Mykolaivska,0.05,26,525684
Петров Володимир Володимирович,Сумська,Sumska,0.05,27,557247
Петров Володимир Володимирович,Полтавська,Poltavska,0.05,26,735908
Петров Володимир Володимирович,Черкаська,Cherkaska,0.05,25,615327
Петров Володимир Володимирович,Харківська,Kharkivska,0.04,25,1324847
Петров Володимир Володимирович,Луганська,Luhanska,0.04,25,302797
Петров Володимир Володимирович,Запорізька,Zaporizka,0.04,27,872526
Петров Володимир Володимирович,Дніпропетровська,Dnipropetrovska,0.04,22,1647398
Порошенко Петро Олексійович,Львівська,Lvivska,35.32,1,1324932
Порошенко Петро Олексійович,м.Київ,Kyiv,25.59,2,1462690
Порошенко Петро Олексійович,Тернопільська,Ternopilska,24.36,1,536680
Порошенко Петро Олексійович,Вінницька,Vinnytska,22.37,2,799770
Порошенко Петро Олексійович,Рівненська,Rivnenska,22.32,2,552041
Порошенко Петро Олексійович,Івано-Франківська,Ivano-Frankivska,21.3,2,650861
Порошенко Петро Олексійович,Волинська,Volynska,18.98,3,520163
Порошенко Петро Олексійович,Київська,Kyivska,18.56,2,983279
Порошенко Петро Олексійович,Хмельницька,Khmelnytska,16.63,3,650602
Порошенко Петро Олексійович,Житомирська,Zhytomyrska,15.94,3,618835
Порошенко Петро Олексійович,Чернівецька,Chernivetska,14.09,3,385533
Порошенко Петро Олексійович,Чернігівська,Chernihivska,12.77,3,530039
Порошенко Петро Олексійович,Донецька,Donetska,12.64,3,848542
Порошенко Петро Олексійович,Черкаська,Cherkaska,12.2,3,615327
Порошенко Петро Олексійович,Кіровоградська,Kirovohradska,11.79,3,453544
Порошенко Петро Олексійович,Херсонська,Khersonska,11.51,3,469391
Порошенко Петро Олексійович,Закарпатська,Zakarpatska,11.41,3,443329
Порошенко Петро Олексійович,Сумська,Sumska,10.66,4,557247
Порошенко Петро Олексійович,Полтавська,Poltavska,10.61,3,735908
Порошенко Петро Олексійович,Миколаївська,Mykolaivska,9.69,3,525684
Порошенко Петро Олексійович,Одеська,Odeska,9.08,3,1026868
Порошенко Петро Олексійович,Запорізька,Zaporizka,8.76,4,872526
Порошенко Петро Олексійович,Харківська,Kharkivska,8.52,3,1324847
Порошенко Петро Олексійович,Дніпропетровська,Dnipropetrovska,8.32,5,1647398
Порошенко Петро Олексійович,Луганська,Luhanska,6.58,4,302797
Скоцик Віталій Євстафійович,Рівненська,Rivnenska,0.36,13,552041
Скоцик Віталій Євстафійович,Полтавська,Poltavska,0.18,14,735908
Скоцик Віталій Євстафійович,Черкаська,Cherkaska,0.11,18,615327
Скоцик Віталій Євстафійович,Київська,Kyivska,0.1,17,983279
Скоцик Віталій Євстафійович,Вінницька,Vinnytska,0.09,22,799770
Скоцик Віталій Євстафійович,Хмельницька,Khmelnytska,0.08,22,650602
Скоцик Віталій Євстафійович,Чернігівська,Chernihivska,0.08,18,530039
Скоцик Віталій Євстафійович,м.Київ,Kyiv,0.08,20,1462690
Скоцик Віталій Євстафійович,Житомирська,Zhytomyrska,0.08,24,618835
Скоцик Віталій Євстафійович,Волинська,Volynska,0.08,22,520163
Скоцик Віталій Євстафійович,Сумська,Sumska,0.07,24,557247
Скоцик Віталій Євстафійович,Закарпатська,Zakarpatska,0.07,27,443329
Скоцик Віталій Євстафійович,Кіровоградська,Kirovohradska,0.07,23,453544
Скоцик Віталій Євстафійович,Одеська,Odeska,0.07,21,1026868
Скоцик Віталій Євстафійович,Львівська,Lvivska,0.05,21,1324932
Скоцик Віталій Євстафійович,Тернопільська,Ternopilska,0.05,23,536680
Скоцик Віталій Євстафійович,Миколаївська,Mykolaivska,0.05,27,525684
Скоцик Віталій Євстафійович,Херсонська,Khersonska,0.05,28,469391
Скоцик Віталій Євстафійович,Чернівецька,Chernivetska,0.05,25,385533
Скоцик Віталій Євстафійович,Запорізька,Zaporizka,0.04,26,872526
Скоцик Віталій Євстафійович,Дніпропетровська,Dnipropetrovska,0.04,24,1647398
Скоцик Віталій Євстафійович,Донецька,Donetska,0.04,28,848542
Скоцик Віталій Євстафійович,Івано-Франківська,Ivano-Frankivska,0.04,25,650861
Скоцик Віталій Євстафійович,Харківська,Kharkivska,0.03,27,1324847
Скоцик Віталій Євстафійович,Луганська,Luhanska,0.03,29,302797
Смешко Ігор Петрович,Черкаська,Cherkaska,10.75,4,615327
Смешко Ігор Петрович,м.Київ,Kyiv,9.62,4,1462690
Смешко Ігор Петрович,Вінницька,Vinnytska,8.98,4,799770
Смешко Ігор Петрович,Київська,Kyivska,8.8,4,983279
Смешко Ігор Петрович,Чернігівська,Chernihivska,8.45,5,530039
Смешко Ігор Петрович,Житомирська,Zhytomyrska,8.42,5,618835
Смешко Ігор Петрович,Сумська,Sumska,8.21,5,557247
Смешко Ігор Петрович,Полтавська,Poltavska,7.66,5,735908
Смешко Ігор Петрович,Хмельницька,Khmelnytska,7.65,6,650602
Смешко Ігор Петрович,Волинська,Volynska,6.92,6,520163
Смешко Ігор Петрович,Кіровоградська,Kirovohradska,6.28,6,453544
Смешко Ігор Петрович,Рівненська,Rivnenska,5.73,6,552041
Смешко Ігор Петрович,Чернівецька,Chernivetska,5.24,6,385533
Смешко Ігор Петрович,Тернопільська,Ternopilska,5.14,7,536680
Смешко Ігор Петрович,Херсонська,Khersonska,5.04,7,469391
Смешко Ігор Петрович,Дніпропетровська,Dnipropetrovska,4.78,6,1647398
Смешко Ігор Петрович,Закарпатська,Zakarpatska,4.74,7,443329
Смешко Ігор Петрович,Львівська,Lvivska,4.68,5,1324932
Смешко Ігор Петрович,Запорізька,Zaporizka,4.58,6,872526
Смешко Ігор Петрович,Миколаївська,Mykolaivska,4.05,7,525684
Смешко Ігор Петрович,Івано-Франківська,Ivano-Frankivska,3.86,7,650861
Смешко Ігор Петрович,Харківська,Kharkivska,3.71,6,1324847
Смешко Ігор Петрович,Одеська,Odeska,3.0,7,1026868
Смешко Ігор Петрович,Донецька,Donetska,2.47,7,848542
Смешко Ігор Петрович,Луганська,Luhanska,1.99,7,302797
Тарута Сергій Олексійович,Кіровоградська,Kirovohradska,0.2,13,453544
Тарута Сергій Олексійович,Черкаська,Cherkaska,0.19,13,615327
Тарута Сергій Олексійович,Донецька,Donetska,0.17,11,848542
Тарута Сергій Олексійович,Миколаївська,Mykolaivska,0.14,14,525684
Тарута Сергій Олексійович,Вінницька,Vinnytska,0.13,17,799770
Тарута Сергій Олексійович,Закарпатська,Zakarpatska,0.12,20,443329
Тарута Сергій Олексійович,Одеська,Odeska,0.11,16,1026868
Тарута Сергій Олексійович,Житомирська,Zhytomyrska,0.11,19,618835
Тарута Сергій Олексійович,Херсонська,Khersonska,0.1,17,469391
Тарута Сергій Олексійович,Сумська,Sumska,0.1,19,557247
Тарута Сергій Олексійович,Полтавська,Poltavska,0.09,23,735908
Тарута Сергій Олексійович,Харківська,Kharkivska,0.09,18,1324847
Тарута Сергій Олексійович,м.Київ,Kyiv,0.09,19,1462690
Тарута Сергій Олексійович,Чернігівська,Chernihivska,0.09,17,530039
Тарута Сергій Олексійович,Запорізька,Zaporizka,0.09,18,872526
Тарута Сергій Олексійович,Волинська,Volynska,0.08,21,520163
Тарута Сергій Олексійович,Київська,Kyivska,0.08,20,983279
Тарута Сергій Олексійович,Луганська,Luhanska,0.08,17,302797
Тарута Сергій Олексійович,Чернівецька,Chernivetska,0.08,22,385533
Тарута Сергій Олексійович,Дніпропетровська,Dnipropetrovska,0.07,18,1647398
Тарута Сергій Олексійович,Рівненська,Rivnenska,0.07,24,552041
Тарута Сергій Олексійович,Хмельницька,Khmelnytska,0.07,24,650602
Тарута Сергій Олексійович,Львівська,Lvivska,0.05,22,1324932
Тарута Сергій Олексійович,Тернопільська,Ternopilska,0.05,22,536680
Тарута Сергій Олексійович,Івано-Франківська,Ivano-Frankivska,0.05,21,650861
Тимошенко Юлія Володимирівна,Івано-Франківська,Ivano-Frankivska,22.51,1,650861
Тимошенко Юлія Володимирівна,Волинська,Volynska,19.84,2,520163
Тимошенко Юлія Володимирівна,Чернівецька,Chernivetska,19.67,2,385533
Тимошенко Юлія Володимирівна,Чернігівська,Chernihivska,19.43,2,530039
Тимошенко Юлія Володимирівна,Тернопільська,Ternopilska,18.87,2,536680
Тимошенко Юлія Володимирівна,Кіровоградська,Kirovohradska,18.53,2,453544
Тимошенко Юлія Володимирівна,Вінницька,Vinnytska,17.61,3,799770
Тимошенко Юлія Володимирівна,Хмельницька,Khmelnytska,17.59,2,650602
Тимошенко Юлія Володимирівна,Житомирська,Zhytomyrska,17.42,2,618835
Тимошенко Юлія Володимирівна,Київська,Kyivska,16.86,3,983279
Тимошенко Юлія Володимирівна,Черкаська,Cherkaska,16.71,2,615327
Тимошенко Юлія Володимирівна,Сумська,Sumska,16.42,2,557247
Тимошенко Юлія Володимирівна,Рівненська,Rivnenska,15.98,3,552041
Тимошенко Юлія Володимирівна,Полтавська,Poltavska,15.86,2,735908
Тимошенко Юлія Володимирівна,Закарпатська,Zakarpatska,15.7,2,443329
Тимошенко Юлія Володимирівна,Львівська,Lvivska,14.85,3,1324932
Тимошенко Юлія Володимирівна,м.Київ,Kyiv,12.88,3,1462690
Тимошенко Юлія Володимирівна,Херсонська,Khersonska,10.33,4,469391
Тимошенко Юлія Володимирівна,Миколаївська,Mykolaivska,8.84,4,525684
Тимошенко Юлія Володимирівна,Дніпропетровська,Dnipropetrovska,8.52,4,1647398
Тимошенко Юлія Володимирівна,Запорізька,Zaporizka,8.24,5,872526
Тимошенко Юлія Володимирівна,Одеська,Odeska,8.02,4,1026868
Тимошенко Юлія Володимирівна,Харківська,Kharkivska,7.35,5,1324847
Тимошенко Юлія Володимирівна,Луганська,Luhanska,4.89,5,302797
Тимошенко Юлія Володимирівна,Донецька,Donetska,3.61,5,848542
Тимошенко Юрій Володимирович,Івано-Франківська,Ivano-Frankivska,1.08,9,650861
Тимошенко Юрій Володимирович,Чернівецька,Chernivetska,1.07,10,385533
Тимошенко Юрій Володимирович,Вінницька,Vinnytska,0.98,10,799770
Тимошенко Юрій Володимирович,Хмельницька,Khmelnytska,0.95,10,650602
Тимошенко Юрій Володимирович,Закарпатська,Zakarpatska,0.93,11,443329
Тимошенко Юрій Володимирович,Волинська,Volynska,0.92,11,520163
Тимошенко Юрій Володимирович,Тернопільська,Ternopilska,0.87,9,536680
Тимошенко Юрій Володимирович,Рівненська,Rivnenska,0.84,11,552041
Тимошенко Юрій Володимирович,Житомирська,Zhytomyrska,0.83,10,618835
Тимошенко Юрій Володимирович,Кіровоградська,Kirovohradska,0.82,10,453544
Тимошенко Юрій Володимирович,Чернігівська,Chernihivska,0.75,10,530039
Тимошенко Юрій Володимирович,Київська,Kyivska,0.72,10,983279
Тимошенко Юрій Володимирович,Сумська,Sumska,0.68,9,557247
Тимошенко Юрій Володимирович,Полтавська,Poltavska,0.68,10,735908
Тимошенко Юрій Володимирович,Львівська,Lvivska,0.67,9,1324932
Тимошенко Юрій Володимирович,Черкаська,Cherkaska,0.66,10,615327
Тимошенко Юрій Володимирович,Херсонська,Khersonska,0.6,9,469391
Тимошенко Юрій Володимирович,Миколаївська,Mykolaivska,0.47,10,525684
Тимошенко Юрій Володимирович,Одеська,Odeska,0.42,9,1026868
Тимошенко Юрій Володимирович,Запорізька,Zaporizka,0.39,9,872526
Тимошенко Юрій Володимирович,Дніпропетровська,Dnipropetrovska,0.38,10,1647398
Тимошенко Юрій Володимирович,м.Київ,Kyiv,0.38,11,1462690
Тимошенко Юрій Володимирович,Харківська,Kharkivska,0.32,10,1324847
Тимошенко Юрій Володимирович,Луганська,Luhanska,0.25,10,302797
Тимошенко Юрій Володимирович,Донецька,Donetska,0.19,10,848542
Шевченко Ігор Анатолійович,Івано-Франківська,Ivano-Frankivska,0.35,12,650861
Шевченко Ігор Анатолійович,Закарпатська,Zakarpatska,0.29,13,443329
Шевченко Ігор Анатолійович,Волинська,Volynska,0.22,15,520163
Шевченко Ігор Анатолійович,Рівненська,Rivnenska,0.19,15,552041
Шевченко Ігор Анатолійович,Чернівецька,Chernivetska,0.15,15,385533
Шевченко Ігор Анатолійович,Хмельницька,Khmelnytska,0.11,18,650602
Шевченко Ігор Анатолійович,Тернопільська,Ternopilska,0.11,17,536680
Шевченко Ігор Анатолійович,Львівська,Lvivska,0.1,18,1324932
Шевченко Ігор Анатолійович,Житомирська,Zhytomyrska,0.1,20,618835
Шевченко Ігор Анатолійович,Кіровоградська,Kirovohradska,0.1,20,453544
Шевченко Ігор Анатолійович,Вінницька,Vinnytska,0.1,20,799770
Шевченко Ігор Анатолійович,Миколаївська,Mykolaivska,0.08,21,525684
Шевченко Ігор Анатолійович,Херсонська,Khersonska,0.07,23,469391
Шевченко Ігор Анатолійович,Черкаська,Cherkaska,0.07,21,615327
Шевченко Ігор Анатолійович,Полтавська,Poltavska,0.07,24,735908
Шевченко Ігор Анатолійович,Київська,Kyivska,0.07,23,983279
Шевченко Ігор Анатолійович,Сумська,Sumska,0.06,25,557247
Шевченко Ігор Анатолійович,Чернігівська,Chernihivska,0.06,24,530039
Шевченко Ігор Анатолійович,Одеська,Odeska,0.06,25,1026868
Шевченко Ігор Анатолійович,м.Київ,Kyiv,0.06,24,1462690
Шевченко Ігор Анатолійович,Запорізька,Zaporizka,0.05,23,872526
Шевченко Ігор Анатолійович,Дніпропетровська,Dnipropetrovska,0.04,25,1647398
Шевченко Ігор Анатолійович,Харківська,Kharkivska,0.04,24,1324847
Шевченко Ігор Анатолійович,Луганська,Luhanska,0.04,24,302797
Шевченко Ігор Анатолійович,Донецька,Donetska,0.04,27,848542
Шевченко Олександр Леонідович,Івано-Франківська,Ivano-Frankivska,3.74,8,650861
Шевченко Олександр Леонідович,Волинська,Volynska,1.66,9,520163
Шевченко Олександр Леонідович,Закарпатська,Zakarpatska,1.36,9,443329
Шевченко Олександр Леонідович,Рівненська,Rivnenska,1.12,9,552041
Шевченко Олександр Леонідович,Чернівецька,Chernivetska,0.86,11,385533
Шевченко Олександр Леонідович,Тернопільська,Ternopilska,0.8,10,536680
Шевченко Олександр Леонідович,Львівська,Lvivska,0.64,10,1324932
Шевченко Олександр Леонідович,Хмельницька,Khmelnytska,0.61,12,650602
Шевченко Олександр Леонідович,Житомирська,Zhytomyrska,0.56,11,618835
Шевченко Олександр Леонідович,Вінницька,Vinnytska,0.54,11,799770
Шевченко Олександр Леонідович,Черкаська,Cherkaska,0.48,11,615327
Шевченко Олександр Леонідович,Кіровоградська,Kirovohradska,0.46,11,453544
Шевченко Олександр Леонідович,Київська,Kyivska,0.46,11,983279
Шевченко Олександр Леонідович,Полтавська,Poltavska,0.46,12,735908
Шевченко Олександр Леонідович,Сумська,Sumska,0.42,11,557247
Шевченко Олександр Леонідович,Миколаївська,Mykolaivska,0.37,11,525684
Шевченко Олександр Леонідович,Чернігівська,Chernihivska,0.36,11,530039
Шевченко Олександр Леонідович,Херсонська,Khersonska,0.33,11,469391
Шевченко Олександр Леонідович,м.Київ,Kyiv,0.3,13,1462690
Шевченко Олександр Леонідович,Одеська,Odeska,0.22,11,1026868
Шевченко Олександр Леонідович,Луганська,Luhanska,0.2,11,302797
Шевченко Олександр Леонідович,Запорізька,Zaporizka,0.19,11,872526
Шевченко Олександр Леонідович,Дніпропетровська,Dnipropetrovska,0.16,12,1647398
Шевченко Олександр Леонідович,Харківська,Kharkivska,0.14,13,1324847
Шевченко Олександр Леонідович,Донецька,Donetska,0.1,14,848542
